Date,Value
1957-12-31,0.7754
1958-03-31,0.5234
1958-06-30,1.0925
1958-09-30,1.3479
1958-12-31,1.8237
1959-03-31,0.5392
1959-06-30,0.5547
1959-09-30,0.2539
1959-12-31,0.7242
1960-03-31,-0.1927
1960-06-30,0.6391
1960-09-30,0.4627
1960-12-31,1.1771
1961-03-31,0.9085
1961-06-30,1.5301
1961-09-30,1.284
1961-12-31,1.4254
1962-03-31,-0.2008
1962-06-30,-0.098
1962-09-30,-0.4624
1962-12-31,0.1641
1963-03-31,-0.3438
1963-06-30,0.4929
1963-09-30,0.3784
1963-12-31,0.9268
1964-03-31,-0.1249
1964-06-30,0.1884
1964-09-30,-0.2588
1964-12-31,0.1888
1965-03-31,-0.4499
1965-06-30,-0.0429
1965-09-30,-0.6333
1965-12-31,-0.9111
1966-03-31,-2.0534
1966-06-30,-1.8533
1966-09-30,-2.9749
1966-12-31,-3.2364
1967-03-31,-3.9618
1967-06-30,-3.315
1967-09-30,-3.4576
1967-12-31,-1.6562
1968-03-31,-3.5789
1968-06-30,-3.3097
1968-09-30,-4.0091
1968-12-31,-3.5235
1969-03-31,-4.7774
1969-06-30,-3.9824
1969-09-30,-4.4258
1969-12-31,-3.8872
1970-03-31,-4.8925
1970-06-30,-4.1038
1970-09-30,-3.9439
1970-12-31,-3.4002
1971-03-31,-4.1509
1971-06-30,-3.4522
1971-09-30,-3.4079
1971-12-31,-3.2762
1972-03-31,-3.5663
1972-06-30,-2.6103
1972-09-30,-2.7269
1972-12-31,-2.2384
1973-03-31,-2.4138
1973-06-30,-1.7179
1973-09-30,-1.5722
1973-12-31,-1.7951
1974-03-31,-2.1378
1974-06-30,-0.8417
1974-09-30,-0.7287
1974-12-31,-0.8815
1975-03-31,-2.599
1975-06-30,-3.094
1975-09-30,-3.969
1975-12-31,-4.4246
1976-03-31,-6.1175
1976-06-30,-6.1179
1976-09-30,-6.1881
1976-12-31,-5.6834
1977-03-31,-5.5526
1977-06-30,-4.5256
1977-09-30,-4.3114
1977-12-31,-3.569
1978-03-31,-3.675
1978-06-30,-2.7605
1978-09-30,-2.5977
1978-12-31,-2.7089
1979-03-31,-3.4989
1979-06-30,-2.27
1979-09-30,-1.5978
1979-12-31,-1.2155
1980-03-31,-1.3012
1980-06-30,-1.9224
1980-09-30,-1.5753
1980-12-31,-1.1903
1981-03-31,-2.6914
1981-06-30,-2.6698
1981-09-30,-3.3838
1981-12-31,-3.552
1982-03-31,-3.3351
1982-06-30,-2.5157
1982-09-30,-2.0142
1982-12-31,-1.4612
1983-03-31,-1.8676
1983-06-30,-1.204
1983-09-30,-0.957
1983-12-31,-0.6293
1984-03-31,-1.0419
1984-06-30,-0.0782
1984-09-30,0.203
1984-12-31,1.5702
1985-03-31,2.1979
1985-06-30,3.3955
1985-09-30,4.1566
1985-12-31,6.2253
1986-03-31,5.8025
1986-06-30,6.8358
1986-09-30,7.9829
1986-12-31,9.659
1987-03-31,8.8525
1987-06-30,9.633
1987-09-30,9.729
1987-12-31,9.4352
1988-03-31,8.7733
1988-06-30,8.9173
1988-09-30,8.308
1988-12-31,8.1672
1989-03-31,6.8909
1989-06-30,6.6356
1989-09-30,5.575
1989-12-31,5.3307
1990-03-31,4.817
1990-06-30,4.1495
1990-09-30,3.1594
1990-12-31,2.4209
1991-03-31,1.1938
1991-06-30,0.9464
1991-09-30,-0.4519
1991-12-31,-1.499
1992-03-31,-2.8933
1992-06-30,-4.1433
1992-09-30,-5.1606
1992-12-31,-6.2288
1993-03-31,-7.3273
1993-06-30,-7.2403
1993-09-30,-7.0457
1993-12-31,-6.7221
1994-03-31,-6.8178
1994-06-30,-6.6972
1994-09-30,-6.7542
1994-12-31,-6.2333
1995-03-31,-6.4042
1995-06-30,-5.4832
1995-09-30,-5.0075
1995-12-31,-4.3222
1996-03-31,-4.0849
1996-06-30,-3.6571
1996-09-30,-3.6192
1996-12-31,-3.8547
1997-03-31,-4.1518
1997-06-30,-3.656
1997-09-30,-2.9749
1997-12-31,-2.5501
1998-03-31,-1.9402
1998-06-30,-0.122
1998-09-30,0.6688
1998-12-31,1.6207
1999-03-31,2.2156
1999-06-30,2.7082
1999-09-30,3.9322
1999-12-31,4.2452
2000-03-31,4.5555
2000-06-30,4.825
2000-09-30,4.7665
2000-12-31,4.6518
2001-03-31,3.6734
2001-06-30,5.1445
2001-09-30,6.4384
2001-12-31,6.6739
2002-03-31,6.5143
2002-06-30,6.9075
2002-09-30,7.1154
2002-12-31,7.6891
2003-03-31,7.3031
2003-06-30,8.7823
2003-09-30,8.5421
2003-12-31,7.7547
2004-03-31,7.2184
2004-06-30,7.2317
2004-09-30,7.1555
2004-12-31,8.0132
2005-03-31,7.1406
2005-06-30,7.6845
2005-09-30,7.8694
2005-12-31,8.1689
2006-03-31,8.7704
2006-06-30,9.5531
2006-09-30,9.7123
2006-12-31,10.1071
2007-03-31,9.9696
2007-06-30,11.222
2007-09-30,11.6373
2007-12-31,11.6341
2008-03-31,11.0979
2008-06-30,9.5946
2008-09-30,9.1258
2008-12-31,6.681
2009-03-31,5.234
2009-06-30,4.8005
2009-09-30,3.6739
2009-12-31,1.2405
2010-03-31,-1.4148
2010-06-30,-4.5209
2010-09-30,-6.9653
2010-12-31,-9.4288
2011-03-31,-11.1703
2011-06-30,-12.5311
2011-09-30,-13.3005
2011-12-31,-13.977
2012-03-31,-15.3521
2012-06-30,-16.0864
2012-09-30,-16.203
2012-12-31,-16.163
2013-03-31,-16.934
2013-06-30,-16.4581
2013-09-30,-16.0398
2013-12-31,-15.5667
2014-03-31,-15.2658
2014-06-30,-15.0902
2014-09-30,-15.3953
2014-12-31,-14.7405
2015-03-31,-14.9101
2015-06-30,-13.7118
2015-09-30,-12.9316
2015-12-31,-12.7316
2016-03-31,-11.6642
2016-06-30,-10.6404
2016-09-30,-9.4711
2016-12-31,-9.62
2017-03-31,-9.0268
2017-06-30,-8.1099
2017-09-30,-7.7644
2017-12-31,-6.8397
2018-03-31,-7.4472
2018-06-30,-6.5542
2018-09-30,-6.8289
2018-12-31,-6.5026
2019-03-31,-6.34
2019-06-30,-5.8759
2019-09-30,-5.5409
2019-12-31,-5.8081
2020-03-31,-2.6411
2020-06-30,2.8794
2020-09-30,3.6338
2020-12-31,4.5755
2021-03-31,4.5163
2021-06-30,2.3096
2021-09-30,0.4262
2021-12-31,-0.9865
2022-03-31,-2.2358
2022-06-30,-3.3388
2022-09-30,-4.9143
2022-12-31,-6.2114
2023-03-31,-7.6242
2023-06-30,-8.7445
2023-09-30,-9.8253
2023-12-31,-10.6356
2024-03-31,-11.0108
2024-06-30,-11.2587
2024-09-30,-11.1976
2024-12-31,-12.4608
2025-03-31,-12.6017
2025-06-30,-12.3608
2025-09-30,-11.9966
2025-12-31,-11.586
2026-03-31,-11.3204
